Phalempin Phalempin	4
Phallus Phallus	3
Phantasie ,	2
Phantasie Phantasie	14
Phantasie mit	2
Phantasien Phantasien	2
Phantasien in	2
Phantom Phantom	2
Pharao Pharao	2
Pharao Ramses	2
Pharaonen Pharaonen	4
Pharma -	2
Pharma- Pharma	2
Pharma-Sparte Pharma-Sparte	2
Pharmaceuticals Pharmaceuticals	3
Pharmafirma Pharmafirma	2
Pharmaindustrie </S>	2
Pharmaindustrie Pharmaindustrie	5
Pharmakonzern Fresenius	2
Pharmakonzern Pharmakonzern	8
Pharmakonzern Schering	3
Pharmaunternehmen Pharmaunternehmen	2
Pharmaunternehmens Pharmaunternehmens	2
Phase .	4
Phase II	2
Phase Phase	25
Phase der	6
Phase erreicht	2
Phase ökonomischer	2
Phasen Phasen	6
Phasenweise Phasenweise	2
Phil Gramm	2
Phil Phil	2
Philadelphia Philadelphia	3
Philharmonia Hungarica	3
Philharmonia Philharmonia	4
Philharmoniker Philharmoniker	2
Philipp Melanchthon	3
Philipp Moritz	2
Philipp Philipp	13
Philipp Reemtsma	5
Philippe Morillon	2
Philippe Philippe	7
Philippinen ,	2
Philippinen .	3
Philippinen </S>	3
Philippinen Philippinen	18
Philippiner Philippiner	2
Philips Philips	9
Philips nach	2
Philologie Philologie	2
Philosoph Gilles	2
Philosoph Philosoph	11
Philosophen ,	2
Philosophen Philosophen	11
Philosophen wie	2
Philosophie ''	2
Philosophie ,	2
Philosophie Philosophie	24
Philosophiegeschichte Philosophiegeschichte	3
Philosophieren Philosophieren	2
Photo Photo	3
Photograph ,	2
Photograph Photograph	3
Photographen Photographen	2
Physik Physik	4
Physik des	2
Phänomen ,	4
Phänomen .	2
Phänomen Phänomen	18
Phänomen bei	2
Phänomen zu	2
Phänomene Phänomene	3
Phänomenen ,	2
Phänomenen Phänomenen	3
Phänomens Phänomens	2
phantasievollen phantasievollen	2
phantastisch phantastisch	2
philippinische philippinische	7
philosophische philosophische	4
philosophischen philosophischen	5
photographiert photographiert	2
physikalische physikalische	2
physikalischen physikalischen	2
physischen physischen	5
