BA )	6
BA BA	16
BAD BAD	2
BAG )	6
BAG BAG	10
BAGH BAGH	2
BAKU ,	3
BAKU BAKU	4
BAPT BAPT	4
BASEL BASEL	2
BASF ,	3
BASF </S>	3
BASF BASF	37
BASF bleibt	2
BASF hat	2
BASF und	4
BASF-Sprecher BASF-Sprecher	3
BAU )	4
BAU BAU	11
BAV )	3
BAV BAV	6
Babaar Babaar	2
Babaar teilte	2
Babangida Babangida	2
Babcock Babcock	2
Baby Baby	4
Bach Bach	5
Bacher Bacher	3
Bachmann ,	3
Bachmann Bachmann	9
Bachrom Bachrom	2
Bachrom Sadirow	2
Bachtin ,	2
Bachtin Bachtin	14
Backen Backen	2
Backenzähne Backenzähne	2
Backsteinbauten Backsteinbauten	2
Bacon Bacon	4
Bad Bad	29
Bad Boll	3
Bad Griesbach	2
Bad Homburg	4
Bad Homburger	4
Bad Kleinen	4
Bad Wildbad	2
Baden Baden	6
Baden-Baden Baden-Baden	4
Baden-Württemberg )	3
Baden-Württemberg ,	9
Baden-Württemberg -	2
Baden-Württemberg Baden-Württemberg	34
Baden-Württemberg in	2
Baden-Württemberg sowie	2
Baden-Württemberg und	2
Baden-Württembergs Baden-Württembergs	3
Badenden Badenden	2
Badener Badener	4
Badeurlaub Badeurlaub	2
Badeurlaub in	2
Badewanne Badewanne	3
Badewanne und	2
Badewitz Badewitz	3
Badische Badische	3
Badischen Badischen	3
Bafög Bafög	16
Bafög-Striptease ''	2
Bafög-Striptease Bafög-Striptease	2
Bafög-Verzinsung Bafög-Verzinsung	2
Bagan Bagan	7
Bagdad Bagdad	11
Bagdad den	2
Bagger Bagger	2
Bahamas Bahamas	8
Bahia Bahia	2
Bahlsen Bahlsen	9
Bahn ,	7
Bahn -	3
Bahn .	4
Bahn AG	9
Bahn Bahn	77
Bahn in	2
Bahn oder	3
Bahn reisen	2
Bahn und	8
Bahn will	2
Bahn- Bahn	2
Bahnanlagen Bahnanlagen	2
Bahncards Bahncards	2
Bahnen Bahnen	6
Bahnen und	3
Bahngelände Bahngelände	2
Bahnhof Bahnhof	21
Bahnhof in	2
Bahnhof und	4
Bahnhof von	2
Bahnhöfe Bahnhöfe	2
Bahnhöfen ,	2
Bahnhöfen Bahnhöfen	10
Bahnhöfen und	2
Bahnreform Bahnreform	2
Bahnreisende Bahnreisende	2
Bahnsprecher Bahnsprecher	3
Bahr Bahr	2
Baht Baht	3
Baiersbronn Baiersbronn	2
Baj ,	2
Baj Baj	13
Baj in	2
Bajonette Bajonette	2
Bajs Bajs	3
Bajuwaren Bajuwaren	2
Baker Baker	2
Bakterien ,	2
Bakterien Bakterien	15
Bakterien die	2
Bakterien sind	2
Baku ,	2
Baku Baku	6
Balance Balance	9
Balance der	3
Balance halten	3
Bald Bald	4
Bali Bali	2
Balkan Balkan	10
Balkan-Gipfel Balkan-Gipfel	3
Balkan-Gipfel in	2
Balkon Balkon	8
Balkonen Balkonen	3
Ball Ball	6
Balladur Balladur	3
Ballard Ballard	6
Ballard von	2
Ballett ,	2
Ballett Ballett	8
Ballett Frankfurt	2
Ballett in	2
Balls Balls	2
Ballungsräumen Ballungsräumen	2
Balsam Balsam	2
Balsen </S>	3
Balsen Balsen	3
Baltikum Baltikum	4
Baltimore Baltimore	3
Baltin Baltin	2
Baltin und	2
Bambi Bambi	2
Bambis Bambis	2
Banalität Banalität	4
Banalität des	2
Bananen Bananen	3
Band Band	21
Band der	5
Band gerollt	2
Band nicht	2
Band-Management Band-Management	2
Bandar Abbas	2
Bandar Bandar	2
Bande ,	2
Bande Bande	8
Banden ,	3
Banden Banden	10
Bandes Bandes	2
Bangemann .	2
Bangemann Bangemann	7
Bangkok Bangkok	8
Bangkok zu	2
Bangladesch ,	2
Bangladesch Bangladesch	5
Banja Banja	2
Banja Luka	2
Bank ,	19
Bank -	3
Bank .	7
Bank </S>	5
Bank Austria	5
Bank Bank	188
Bank Luxemburg	3
Bank dagegen	2
Bank für	5
Bank gepfändet	2
Bank geschoben	4
Bank habe	3
Bank hat	3
Bank hatte	2
Bank im	2
Bank in	12
Bank mit	3
Bank of	4
Bank schlägt	2
Bank sitzen	2
Bank sowie	3
Bank und	6
Bank von	6
Bank zu	2
Bank- Bank	3
Bank-Cafés Bank-Cafés	2
Bank-Tochter Bank-Tochter	2
Bankdarlehen Bankdarlehen	3
Banken ''	2
Banken ,	19
Banken -	2
Banken .	4
Banken </S>	4
Banken Banken	134
Banken auf	2
Banken aus	2
Banken bei	4
Banken die	2
Banken ihren	2
Banken in	4
Banken mit	2
Banken nicht	2
Banken oder	2
Banken sich	3
Banken und	29
Banken zur	2
Banken- Banken	2
Banken-Konsortium Banken-Konsortium	2
Bankenaufseher Bankenaufseher	2
Bankenaufsicht Bankenaufsicht	5
Bankenstandort Bankenstandort	3
Bankenvereinigung Bankenvereinigung	2
Banker Banker	10
Banker und	2
Bankfurt ''	2
Bankfurt Bankfurt	2
Bankgeheimnis Bankgeheimnis	6
Bankgeschäft Bankgeschäft	2
Bankgesellschaft Bankgesellschaft	4
Bankgesellschaft Berlin	2
Bankgewerbe Bankgewerbe	2
Bankhaus Bankhaus	3
Bankhauses Bankhauses	3
Bankier Bankier	4
Banking ''	2
Banking Banking	4
Bankkonten Bankkonten	3
Bankkredite Bankkredite	2
Bankkunden Bankkunden	2
Banknoten Banknoten	4
Banknoten und	3
Bankrott Bankrott	4
Bankrott seines	2
Bankrotts Bankrotts	2
Bankschulden Bankschulden	3
Bankverein (	2
Bankverein Bankverein	2
Bann Bann	2
Banque Banque	5
Banque Generale	2
Banque Paribas	2
Bao Bao	15
Bao und	2
Bar Bar	2
Bar-Ilan-Universität Bar-Ilan-Universität	3
Baracke Baracke	2
Baracken Baracken	2
Baracken und	2
Barak Barak	4
Barasoain-Kirche Barasoain-Kirche	2
Baratta Baratta	2
Barattas Barattas	3
Barattas Osteria	2
Barbara Barbara	6
Barbara Wischermann	2
Barbarei Barbarei	2
Barbie Barbie	5
Barbie-Sammlung Barbie-Sammlung	2
Barcelona </S>	2
Barcelona Barcelona	9
Barcelona hat	2
Bareinzahlungen Bareinzahlungen	2
Bargeld Bargeld	3
Bari Bari	2
Barkeeper Barkeeper	2
Barkeepers Barkeepers	2
Barker Barker	2
Barmag Barmag	10
Barmann Barmann	2
Barmer Barmer	10
Barmer Ersatzkasse	2
Barmer ein	2
Barnes ,	2
Barnes Barnes	2
Barnevik ,	2
Barnevik Barnevik	9
Barock Barock	3
Barocksaal Barocksaal	2
Barockstraße Barockstraße	2
Barrier Barrier	2
Barriere Barriere	2
Barrieren Barrieren	7
Barrieren für	2
Barrikaden .	2
Barrikaden Barrikaden	3
Barry Barry	2
Barry J.	2
Bars Bars	3
Bars und	2
Barschel Barschel	3
Barschel-Affäre Barschel-Affäre	3
Barschels Barschels	2
Barth Barth	2
Bartholmai Bartholmai	2
Bartók Bartók	7
Bartóks Bartóks	5
Baruch Baruch	3
Baruch Goldstein	2
Basar </S>	2
Basar Basar	3
Basel .	2
Basel Basel	17
Basel nach	2
Baseler Baseler	2
Basels Basels	2
Basis ''	2
Basis .	3
Basis Basis	69
Basis der	10
Basis des	3
Basis einer	2
Basis für	9
Basis und	2
Basis unseres	2
Basis von	3
Basis zu	2
Basisstationierung Basisstationierung	3
Basisstationierung nicht	3
Basler Ausschuß	2
Basler Basler	9
Bassa Bassa	7
Bassa Padana	2
Bassajew Bassajew	2
Bastion Bastion	2
Bataillonen Bataillonen	2
Batterien Batterien	2
Bau ,	5
Bau -	7
Bau </S>	2
Bau Bau	83
Bau der	6
Bau des	7
Bau einer	10
Bau eines	4
Bau mit	3
Bau und	3
Bau von	13
Bau- Bau	6
Bau-Steine-Erden Bau-Steine-Erden	4
Bau-Steine-Erden und	2
Bauakademie ,	2
Bauakademie </S>	2
Bauakademie Bauakademie	14
Bauarbeiten Bauarbeiten	2
Bauarbeiter Bauarbeiter	9
Bauarbeiter arbeitslos	2
Bauarbeitern Bauarbeitern	2
Bauart Bauart	2
Bauaufträge Bauaufträge	3
Bauch Bauch	4
Bauder Bauder	4
Baudirektor Baudirektor	2
Bauen ,	2
Bauen -	2
Bauen Bauen	4
Bauen-Agrar-Umwelt (	3
Bauen-Agrar-Umwelt Bauen-Agrar-Umwelt	5
Bauer Bauer	15
Bauer Ewald	2
Bauer-Albert Bauer-Albert	2
Bauern ,	7
Bauern -	2
Bauern .	2
Bauern Bauern	67
Bauern die	2
Bauern einen	2
Bauern in	4
Bauern und	6
Bauernhof ,	2
Bauernhof -	2
Bauernhof Bauernhof	4
Bauernhof- Bauernhof	2
Bauernhöfe Bauernhöfe	2
Bauernpartei ,	2
Bauernpartei Bauernpartei	6
Bauers Bauers	6
Baufirma Baufirma	4
Baufirmen Baufirmen	3
Baugewerbe Baugewerbe	4
Baugrund Baugrund	2
Bauhauptbereich Bauhauptbereich	2
Bauindustrie Bauindustrie	7
Bauinvestitionen Bauinvestitionen	2
Baujahre Baujahre	2
Baukonjunktur Baukonjunktur	3
Baukonzern Baukonzern	4
Baukonzern Wayss	2
Baukosten Baukosten	2
Baukunst Baukunst	3
Bauleistungen Bauleistungen	2
Bauleute Bauleute	2
Baulöwen Baulöwen	4
Baum (	6
Baum </S>	5
Baum Baum	17
Bauman Bauman	2
Baumann ,	2
Baumann Baumann	12
Baumann und	2
Baumarten Baumarten	2
Baumaschinenhersteller Baumaschinenhersteller	2
Baumeister Baumeister	5
Baumgartner Baumgartner	2
Bauminister Bauminister	5
Bauminister Klaus	2
Baus Baus	3
Bausch Bausch	2
Bausch und	2
Bauschule Bauschule	3
Bausenator Bausenator	5
Bausenator Wolfgang	2
Bausparen Bausparen	4
Bausparen hatte	2
Bausparkasse Bausparkasse	6
Bausparkassen Bausparkassen	3
Baustein Baustein	2
Bausteine Bausteine	4
Baustelle Baustelle	5
Baustellen Baustellen	5
Baustoffen Baustoffen	2
Baustoffen und	2
Bauten .	2
Bauten Bauten	11
Bauunternehmen Bauunternehmen	3
Bauunternehmer Bauunternehmer	4
Bauunternehmers Bauunternehmers	5
Bauunternehmers Jürgen	2
Bauverwaltung Bauverwaltung	2
Bauwerk Bauwerk	3
Bauwerks Bauwerks	2
Bauwirtschaft Bauwirtschaft	3
Bauzeit Bauzeit	3
Bauämtern Bauämtern	2
Bavaria Bavaria	2
Bavaria-St.Pauli Bavaria-St.Pauli	3
Bay Bay	5
Bayer Bayer	17
Bayerische Bayerische	10
Bayerische Hypotheken-	4
Bayerische Vereinsbank	3
Bayerischen Bayerischen	21
Bayerischen Hypotheken-	4
Bayerischen Landesbank	2
Bayerischen Obersten	2
Bayerischen Vereinsbank	4
Bayern ''	3
Bayern ,	8
Bayern .	3
Bayern </S>	6
Bayern AG	2
Bayern Bayern	84
Bayern am	2
Bayern dagegen	2
Bayern mit	4
Bayern und	8
Bayernhypo ,	2
Bayernhypo Bayernhypo	13
Bayerns Bayerns	6
Bayernwerk Bayernwerk	5
Bayernwerk und	3
Baykal Baykal	2
Bayreuth Bayreuth	2
Bayrou Bayrou	3
Bayrou eine	2
Bazin Bazin	4
Bazin als	2
Bazouge Bazouge	2
bab </S>	2
bab bab	2
back back	2
baden baden	2
baden-württembergische Delegierte	2
baden-württembergische Ministerpräsident	2
baden-württembergische baden-württembergische	12
baden-württembergischen baden-württembergischen	12
baden-württembergischer Abgeordneter	2
baden-württembergischer baden-württembergischer	2
badischen badischen	3
bahnbrechende bahnbrechende	2
bahnt bahnt	3
bahnt sich	2
balancieren balancieren	3
bald ''	4
bald ,	2
bald als	3
bald auch	4
bald bald	101
bald darauf	2
bald die	3
bald durch	2
bald ein	4
bald in	6
bald jede	2
bald mit	2
bald nach	2
bald nicht	2
bald schneller	2
bald seine	2
bald vom	2
bald wieder	4
baldige Einigung	2
baldige baldige	5
baldigen baldigen	7
baltischen Staaten	5
baltischen baltischen	7
banalen banalen	3
bange bange	3
bangen bangen	6
bangenden bangenden	2
bankrott bankrott	2
bankrotten bankrotten	2
bar bar	7
barbarische barbarische	2
barbarischen barbarischen	4
barocke barocke	3
barocken barocken	3
barocker barocker	2
basieren ,	2
basieren auf	2
basieren basieren	5
basiert ,	2
basiert basiert	6
basierten basierten	4
baskischen Terrororganisation	2
baskischen baskischen	4
basteln an	2
basteln basteln	4
bastelt bastelt	2
bat bat	18
bat die	2
bat er	2
bat ihn	2
bat um	3
baue baue	5
bauen ''	2
bauen ,	3
bauen .	11
bauen bauen	34
bauen die	2
bauen ließen	2
baufälligen baufälligen	2
baulich baulich	2
baulichen baulichen	2
baut .	3
baut auf	2
baut baut	31
baut die	3
baut ihre	2
baut im	3
baute baute	5
bauten bauten	7
bayerische Ministerpräsident	2
bayerische bayerische	23
bayerischem bayerischem	2
bayerischen Ex-Ministerpräsidenten	2
bayerischen Landtag	4
bayerischen bayerischen	31
bayerischer bayerischer	2
