CA CA	4
CANAVERAL ,	2
CANAVERAL CANAVERAL	3
CAPE CANAVERAL	3
CAPE CAPE	3
Cadmium Cadmium	4
Café Café	5
Calabresi Calabresi	6
Calais ,	2
Calais Calais	2
Calamba Calamba	2
California California	5
Call Call	5
Call Center	4
Cambio Cambio	2
Cambridge Cambridge	3
Camdessus .	2
Camdessus Camdessus	6
Camp Camp	4
Camp-David-Frieden Camp-David-Frieden	2
Camp-David-Frieden mit	2
Campenhausen Campenhausen	2
Campingplatzparzellen Campingplatzparzellen	2
Campus Campus	3
Camus Camus	3
Canadian Canadian	2
Canal Canal	2
Canal Grande	2
Canaveral Canaveral	2
Candide Candide	4
Caner Caner	3
Cannabis Cannabis	6
Cannabis auch	2
Cannabis und	2
Cannes Cannes	2
Cantini Cantini	2
Cap Cap	14
Cap Gemini	13
Cape Canaveral	2
Cape Cape	2
Capital Capital	3
Capitol Capitol	2
Captain Captain	3
Car Car	2
Carabinieri Carabinieri	3
Carajas Carajas	2
Card Card	7
Cardoso Cardoso	8
Cardoso nach	2
Care Care	2
Cargo Cargo	4
Cargo-Kult Cargo-Kult	2
Carignon Carignon	2
Carl Bildt	2
Carl Carl	19
Carl Schmitt	2
Carl Zeiss	2
Carl von	2
Carla Bley	2
Carla Carla	3
Carlo Carlo	3
Carlo Ginzburg	2
Carlos Carlos	11
Carlos Menem	3
Carlsson Carlsson	3
Carlton Carlton	2
Carmen Carmen	3
Carolco ,	2
Carolco Carolco	4
Carolina )	2
Carolina Carolina	4
Caroline Caroline	2
Caroline Ebner	2
Carpio Carpio	5
Carrier Carrier	2
Carrère Carrère	2
Carsten Carsten	2
Carter Carter	2
Casa Casa	5
Casa Real	2
Casas Casas	2
Castegnaro Castegnaro	2
Castellanos ,	2
Castellanos Castellanos	11
Castor-Gegner Castor-Gegner	2
Castor-Transport Castor-Transport	2
Castro Castro	6
Castros Castros	2
Caterpillar Caterpillar	3
Catherine Catherine	3
Cava Cava	2
Cayes Cayes	2
Cayes zündeten	2
Cayman-Inseln Cayman-Inseln	2
ca .	15
ca. ca	15
case case	2
