SAARBRÜCKEN (	2
SAARBRÜCKEN ,	5
SAARBRÜCKEN SAARBRÜCKEN	8
SAISON </S>	3
SAISON SAISON	3
SAN SAN	2
SANAA SANAA	2
SANTIAGO SANTIAGO	2
SAP SAP	12
SAP in	2
SARAJEVO ,	2
SARAJEVO /	3
SARAJEVO SARAJEVO	5
SARAJEWO SARAJEWO	2
Saab ,	2
Saab Saab	3
Saal ,	6
Saal :	2
Saal Saal	22
Saal im	2
Saale Saale	2
Saalfeld Saalfeld	2
Saallicht Saallicht	3
Saar ,	3
Saar Saar	5
Saar-CDU Saar-CDU	6
Saar-SPD Saar-SPD	2
Saarbrücken .	4
Saarbrücken Saarbrücken	11
Saarbrücker Saarbrücker	4
Saarland Saarland	20
Saarland und	3
Saarlandes ,	2
Saarlandes Saarlandes	3
Saarlouis Saarlouis	2
Saarländer Saarländer	7
Saarländers Saarländers	3
Saarländers zur	2
Saarländischen Rundfunk	7
Saarländischen Saarländischen	7
Saatchi Saatchi	2
Saatgut Saatgut	6
Saatgut für	2
Saatgut muß	2
Saatzuchtunternehmen Saatzuchtunternehmen	2
Sabac Sabac	3
Sabbatjahr Sabbatjahr	2
Sabine Sabine	2
Sabotage Sabotage	2
Sabotageakte Sabotageakte	2
Sabur Sabur	2
Saburo Saburo	2
Saburo Teshigawara	2
Sach -	3
Sach- Sach	3
Sacharow-Preis Sacharow-Preis	4
Sache ''	6
Sache ,	9
Sache .	4
Sache Sache	85
Sache der	9
Sache geht	2
Sache her	2
Sache ist	4
Sache mit	3
Sache nicht	3
Sache zu	4
Sachen Raumfahrt	2
Sachen Sachen	29
Sachkompetenz Sachkompetenz	2
Sachlage Sachlage	2
Sachrang Sachrang	2
Sachs Sachs	7
Sachschaden Sachschaden	3
Sachsen ,	5
Sachsen .	2
Sachsen </S>	2
Sachsen Sachsen	34
Sachsen habe	2
Sachsen und	6
Sachsen will	2
Sachsen-Anhalt )	2
Sachsen-Anhalt ,	4
Sachsen-Anhalt .	2
Sachsen-Anhalt Sachsen-Anhalt	34
Sachsen-Anhalt sei	2
Sachsen-Anhalts Sachsen-Anhalts	6
Sachsenhausen Sachsenhausen	3
Sachsenmilch Sachsenmilch	3
Sachsens Sachsens	6
Sachsenstraße Sachsenstraße	4
Sachsenwein Sachsenwein	2
Sachverhalt Sachverhalt	6
Sachverständige Sachverständige	2
Sachverständigen Sachverständigen	7
Sachverständigenrat Sachverständigenrat	9
Sachverständigenrat zur	2
Sachzwänge Sachzwänge	3
Sachzwängen Sachzwängen	2
Sachzwängen beschränken	2
Sacirbey Sacirbey	7
Sack Sack	3
Sackgasse ''	2
Sackgasse Sackgasse	11
Sackgasse führen	2
Sadako Ogata	3
Sadako Sadako	3
Sadat Sadat	2
Sadats Sadats	2
Saddam Hussein	4
Saddam Saddam	9
Sadi Sadi	3
Sadirow Sadirow	2
Safeware Safeware	2
Safranski Safranski	6
Saft Saft	4
Saft und	2
Sagen .	2
Sagen Sagen	14
Sagen Sie	2
Sagen haben	3
Sagen hat	3
Sager ,	2
Sager Sager	3
Sagurna .	2
Sagurna Sagurna	2
Sahler Sahler	3
Sahlin .	3
Sahlin Sahlin	11
Sahrauis Sahrauis	2
Said Sadi	3
Said Said	3
Saig ,	3
Saig Saig	7
Saigon ,	2
Saigon Saigon	10
Saima Saima	2
Saimnieks ''	2
Saimnieks Saimnieks	2
Saison .	3
Saison Saison	13
Sakajewa Sakajewa	2
Sal .	3
Sal. Sal	3
Salamanca Salamanca	2
Saldo Saldo	4
Sali Berisha	3
Sali Sali	3
Salimah Salimah	2
Salman Rushdie	6
Salman Salman	8
Salomon Brothers	2
Salomon Salomon	12
Salon Salon	3
Salsa Salsa	2
Saltus Saltus	2
Salvador Salvador	3
Salz Salz	6
Salzburg ,	3
Salzburg /	3
Salzburg Salzburg	12
Salzburger Festspiele	3
Salzburger Salzburger	11
Salzmann Salzmann	3
Sam Sam	12
Sam und	4
Sam-Doess Sam-Doess	2
Samaria Samaria	2
Sambas Sambas	2
Sambia Sambia	3
Sambre Sambre	2
Samen Samen	2
Sammelbezeichnung Sammelbezeichnung	3
Sammelstelle Sammelstelle	2
Sammelstelle in	2
Sammler Sammler	6
Sammlerwert .	2
Sammlerwert Sammlerwert	2
Sammlung Sammlung	5
Sammlungen Sammlungen	2
Sammlungsbewegung Sammlungsbewegung	3
Samstag (	2
Samstag ,	2
Samstag .	4
Samstag Samstag	164
Samstag abend	11
Samstag als	2
Samstag an	2
Samstag auf	4
Samstag aus	2
Samstag bei	2
Samstag bekannt	2
Samstag drei	2
Samstag eine	4
Samstag einen	4
Samstag ermordeten	2
Samstag geplanten	2
Samstag hatte	4
Samstag im	5
Samstag in	22
Samstag künftig	2
Samstag mittag	2
Samstag nach	5
Samstag nachmittag	2
Samstag um	4
Samstag und	2
Samstag war	2
Samstag zum	2
Samstagen Samstagen	2
Samstagsarbeit Samstagsarbeit	3
Samsung Samsung	6
Samuel Huntington	2
Samuel Samuel	6
Samuel Schirmbeck	2
San Cristobal	3
San Francisco	10
San Jose	2
San Juan	10
San San	37
San Suu	7
Sanaa Sanaa	4
Sanaa ausüben	2
Sancta Sancta	2
Sand ,	4
Sand -	2
Sand .	3
Sand Sand	13
Sand gesetzt	2
Sand- Sand	2
Sanda Sanda	2
Sander Sander	2
Sandnes Sandnes	2
Sandoz Sandoz	4
Sandro Sandro	2
Sang Sang	3
Sangerhausen Sangerhausen	4
Sani Abacha	9
Sani Sani	9
Sanierung ''	2
Sanierung Sanierung	30
Sanierung der	8
Sanierung des	5
Sanierung ihrer	2
Sanierung von	3
Sanierungsbedarf Sanierungsbedarf	2
Sanierungserfolge Sanierungserfolge	2
Sanierungsfall Sanierungsfall	2
Sanierungskonzept Sanierungskonzept	2
Sanierungskonzept für	2
Sanierungsplan Sanierungsplan	2
Sanierungsprogramm Sanierungsprogramm	3
Sanitäter ,	3
Sanitäter Sanitäter	3
Sankt Sankt	3
Sankt-Gallen Sankt-Gallen	2
Sankt-Gallen und	2
Sanktion Sanktion	2
Sanktionen ,	3
Sanktionen .	2
Sanktionen </S>	2
Sanktionen Sanktionen	44
Sanktionen aus	2
Sanktionen gegen	16
Sanktionen nach	2
Sanktionen rechnen	2
Sant '	6
Sant' Sant	6
Santa Lucia	2
Santa Santa	6
Santer ,	4
Santer Santer	12
Santiago Santiago	29
Santiago de	5
Santiago del	2
Santo Santo	7
Santos ,	2
Santos Santos	2
Sao Paulo	2
Sao Sao	3
Sara Sara	2
Sarah Burton	5
Sarah Kirsch	2
Sarah Sarah	10
Sarajevo ,	3
Sarajevo Sarajevo	20
Sarajevo mit	3
Sarajevo nach	2
Sarajewo ,	4
Sarajewo .	2
Sarajewo Sarajewo	34
Sarajewo am	2
Sarajewo wurde	3
Sarg Rabins	2
Sarg Sarg	11
Sarg zur	2
Sari Sari	2
Sarkasmus Sarkasmus	2
Sarkophag Sarkophag	2
Saro-Wiwa ,	6
Saro-Wiwa .	3
Saro-Wiwa </S>	2
Saro-Wiwa Saro-Wiwa	71
Saro-Wiwa angeboten	2
Saro-Wiwa hat	2
Saro-Wiwa ist	5
Saro-Wiwa und	25
Saro-Wiwas Bruder	2
Saro-Wiwas Saro-Wiwas	15
Saro-Wiwas und	4
Sarrazin Sarrazin	3
Sat 1	6
Sat Sat	6
Satellit Satellit	4
Satelliten -	2
Satelliten Satelliten	10
Satelliten-Starts Satelliten-Starts	2
Satellitensysteme Satellitensysteme	2
Sattelschlepper Sattelschlepper	2
Sattler Sattler	2
Satz ,	4
Satz -	2
Satz 1	4
Satz :	3
Satz Satz	43
Satz ``	3
Satz für	3
Satz von	3
Satz zum	2
Satz- Satz	2
Satzes Satzes	3
Satzung Satzung	7
Satzungsänderung Satzungsänderung	5
Sauberkeit Sauberkeit	2
Saubermann Saubermann	2
Saudi-Arabien ,	3
Saudi-Arabien </S>	2
Saudi-Arabien Saudi-Arabien	9
Sauer ,	2
Sauer Sauer	2
Sauerei Sauerei	2
Sauerkraut Sauerkraut	3
Sauerstoff ,	2
Sauerstoff Sauerstoff	2
Saulgau Saulgau	2
Saum Saum	2
Savoyen Savoyen	2
Sawgajew Sawgajew	5
Sawgajew mit	2
saarländische Ministerpräsident	7
saarländische saarländische	11
saarländischen Ministerpräsidenten	4
saarländischen saarländischen	12
sabotieren .	2
sabotieren sabotieren	3
sachgerecht sachgerecht	2
sachkundig sachkundig	2
sachlich sachlich	3
sachliche sachliche	6
sachlichen sachlichen	4
sachlichen und	2
sachlicher Zusammenarbeit	2
sachlicher sachlicher	7
saftigen saftigen	2
sage ich	5
sage sage	14
sage und	3
sagen ''	2
sagen ,	35
sagen .	13
sagen :	17
sagen die	9
sagen können	2
sagen sagen	117
sagen sie	2
sagen und	3
sagen will	2
sagen wir	6
sagst ,	2
sagst Du	2
sagst sagst	5
sagt ,	23
sagt .	5
sagt :	6
sagt Chandyar	3
sagt Henne	2
sagt Kohl	3
sagt Michaels	3
sagt Ofteringer	2
sagt Schmidt	3
sagt Stark	2
sagt Steinert	2
sagt Vita	2
sagt Vorstandschef	5
sagt das	3
sagt den	2
sagt der	41
sagt die	14
sagt ein	15
sagt einer	3
sagt er	24
sagt in	2
sagt man	3
sagt sagt	304
sagt sie	7
sagt von	2
sagt zu	2
sagte ,	120
sagte .	4
sagte :	11
sagte Benmansour	2
sagte Browne	2
sagte Burns	2
sagte Chartier	2
sagte Chrétien	3
sagte Clapton	2
sagte Clinton	5
sagte Dewes	2
sagte Diestel	2
sagte Dreßler	2
sagte Erichsen	4
sagte Fundermann	2
sagte Geschäftsführer	2
sagte Ikimi	2
sagte Izetbegovic	2
sagte Jelzin	3
sagte Jürgen	2
sagte Klaus	2
sagte Klose	2
sagte Kohl	2
sagte Kollmeier	3
sagte Krusche	2
sagte Lafontaine	3
sagte Machel	3
sagte McCartney	2
sagte Milanovic	2
sagte Ministerpräsident	3
sagte Müller	2
sagte Peres	2
sagte Powell	3
sagte Professor	3
sagte Präsident	2
sagte Rafsandschani	3
sagte Regierungssprecher	3
sagte Rühe	7
sagte Scharping	5
sagte Schröder	2
sagte Seehofer	2
sagte Spiegel	2
sagte Sprecherin	2
sagte Starzacher	2
sagte Steven	2
sagte Stihl	2
sagte US-Außenamtssprecher	2
sagte Waigel	3
sagte Walesa	3
sagte Walther	2
sagte Westerwelle	3
sagte Zöpel	2
sagte aber	7
sagte am	38
sagte auf	3
sagte dagegen	2
sagte dazu	2
sagte dem	5
sagte den	2
sagte der	133
sagte deren	3
sagte dessen	2
sagte die	16
sagte ein	39
sagte er	74
sagte es	2
sagte im	2
sagte in	28
sagte nach	4
sagte sagte	869
sagte sein	2
sagte sie	14
sagte vor	4
sagte weiter	4
sagte zu	2
sagten ,	5
sagten der	2
sagten die	3
sagten sagten	22
sah ,	7
sah .	2
sah der	2
sah die	4
sah es	5
sah in	2
sah man	3
sah sah	51
sah sich	5
sah vor	2
sahen ,	2
sahen das	2
sahen die	2
sahen es	2
sahen sahen	21
sahen sich	2
saisonalen saisonalen	3
saldo Material	2
saldo saldo	5
salonfähig salonfähig	3
sammeln ,	2
sammeln .	2
sammeln sammeln	11
sammelt sammelt	7
sammelten sammelten	3
samstags samstags	8
samstags von	2
samt dem	2
samt der	4
samt ihrer	2
samt samt	27
sanft sanft	3
sanfte sanfte	5
sanftem sanftem	2
sanften sanften	7
sanften und	2
sanfter sanfter	2
sang sang	2
sangen sangen	2
sanieren .	3
sanieren sanieren	5
saniert saniert	4
saniert und	2
sanitäre sanitäre	2
sanitären Verhältnisse	2
sanitären sanitären	3
sank auf	3
sank der	4
sank die	3
sank im	3
sank sank	27
sank um	6
sank von	2
sanken die	5
sanken sanken	11
satirische satirische	2
satirischen satirischen	2
satt satt	2
satte satte	2
saturierten saturierten	2
satzungsrechtlich satzungsrechtlich	2
satzungswidrig ''	2
satzungswidrig satzungswidrig	2
sauber sauber	6
saubere saubere	4
sauberem sauberem	2
sauberen sauberen	3
sauberer sauberer	2
saudiarabischen Hauptstadt	2
saudiarabischen saudiarabischen	2
saudischen saudischen	3
sauer sauer	3
saß ,	5
saß saß	16
saßen fest	2
saßen im	2
saßen in	3
saßen saßen	15
